Workbook

Sheet Лист1
A1: Дата | B1: Территория | C1: Товарооборот, шт | D1: Товарооборот, руб | E1: Количество складов | F1: Количество заказов | G1: Количество клиентов | H1: Товарооборот на склад | I1: Неделя | K1: Уточню, что отсчет недель года я начал с понедельника. Дипазон получился от 18 до 23 недели, в 18 неделе 6 дней, в 23 только один
A2: 43982 | B2: Самара | C2: 7944 | D2: 623971.5 | E2: =SUMIFS(Лист2!$C$2:$C$505,Лист2!$A$2:$A$505, Лист1!A2,Лист2!$B$2:$B$505,Лист1!B2) -> 15 | F2: =SUMIFS(Лист2!$D$2:$D$505,Лист2!$A$2:$A$505, Лист1!A2,Лист2!$B$2:$B$505,Лист1!B2) -> 441 | G2: =SUMIFS(Лист2!$E$2:$E$505,Лист2!$A$2:$A$505, Лист1!A2,Лист2!$B$2:$B$505,Лист1!B2) -> 368 | H2: =D2 / E2 -> 41598.1 | I2: =WEEKNUM(A2,2) -> 22
A3: 43981 | B3: Самара | C3: 10029 | D3: 787101 | E3: =SUMIFS(Лист2!$C$2:$C$505,Лист2!$A$2:$A$505, Лист1!A3,Лист2!$B$2:$B$505,Лист1!B3) -> 15 | F3: =SUMIFS(Лист2!$D$2:$D$505,Лист2!$A$2:$A$505, Лист1!A3,Лист2!$B$2:$B$505,Лист1!B3) -> 490 | G3: =SUMIFS(Лист2!$E$2:$E$505,Лист2!$A$2:$A$505, Лист1!A3,Лист2!$B$2:$B$505,Лист1!B3) -> 409 | H3: =D3 / E3 -> 52473.4 | I3: =WEEKNUM(A3,2) -> 22
A4: 43979 | B4: Самара | C4: 8536.5 | D4: 643944 | E4: =SUMIFS(Лист2!$C$2:$C$505,Лист2!$A$2:$A$505, Лист1!A4,Лист2!$B$2:$B$505,Лист1!B4) -> 15 | F4: =SUMIFS(Лист2!$D$2:$D$505,Лист2!$A$2:$A$505, Лист1!A4,Лист2!$B$2:$B$505,Лист1!B4) -> 464 | G4: =SUMIFS(Лист2!$E$2:$E$505,Лист2!$A$2:$A$505, Лист1!A4,Лист2!$B$2:$B$505,Лист1!B4) -> 390 | H4: =D4 / E4 -> 42929.6 | I4: =WEEKNUM(A4,2) -> 22
A5: 43967 | B5: Кемерово | C5: 38947.5 | D5: 3395892 | E5: =SUMIFS(Лист2!$C$2:$C$505,Лист2!$A$2:$A$505, Лист1!A5,Лист2!$B$2:$B$505,Лист1!B5) -> 21 | F5: =SUMIFS(Лист2!$D$2:$D$505,Лист2!$A$2:$A$505, Лист1!A5,Лист2!$B$2:$B$505,Лист1!B5) -> 2145 | G5: =SUMIFS(Лист2!$E$2:$E$505,Лист2!$A$2:$A$505, Лист1!A5,Лист2!$B$2:$B$505,Лист1!B5) -> 1947 | H5: =D5 / E5 -> 161709.14 | I5: =WEEKNUM(A5,2) -> 20
A6: 43970 | B6: Кемерово | C6: 31842 | D6: 2771116.5 | E6: =SUMIFS(Лист2!$C$2:$C$505,Лист2!$A$2:$A$505, Лист1!A6,Лист2!$B$2:$B$505,Лист1!B6) -> 21 | F6: =SUMIFS(Лист2!$D$2:$D$505,Лист2!$A$2:$A$505, Лист1!A6,Лист2!$B$2:$B$505,Лист1!B6) -> 1860 | G6: =SUMIFS(Лист2!$E$2:$E$505,Лист2!$A$2:$A$505, Лист1!A6,Лист2!$B$2:$B$505,Лист1!B6) -> 1704 | H6: =D6 / E6 -> 131957.93 | I6: =WEEKNUM(A6,2) -> 21
A7: 43968 | B7: Кемерово | C7: 32023.5 | D7: 2882458.5 | E7: =SUMIFS(Лист2!$C$2:$C$505,Лист2!$A$2:$A$505, Лист1!A7,Лист2!$B$2:$B$505,Лист1!B7) -> 21 | F7: =SUMIFS(Лист2!$D$2:$D$505,Лист2!$A$2:$A$505, Лист1!A7,Лист2!$B$2:$B$505,Лист1!B7) -> 1874 | G7: =SUMIFS(Лист2!$E$2:$E$505,Лист2!$A$2:$A$505, Лист1!A7,Лист2!$B$2:$B$505,Лист1!B7) -> 1705 | H7: =D7 / E7 -> 137259.93 | I7: =WEEKNUM(A7,2) -> 20
A8: 43960 | B8: Кемерово | C8: 31147.5 | D8: 2831019 | E8: =SUMIFS(Лист2!$C$2:$C$505,Лист2!$A$2:$A$505, Лист1!A8,Лист2!$B$2:$B$505,Лист1!B8) -> 21 | F8: =SUMIFS(Лист2!$D$2:$D$505,Лист2!$A$2:$A$505, Лист1!A8,Лист2!$B$2:$B$505,Лист1!B8) -> 1735 | G8: =SUMIFS(Лист2!$E$2:$E$505,Лист2!$A$2:$A$505, Лист1!A8,Лист2!$B$2:$B$505,Лист1!B8) -> 1568 | H8: =D8 / E8 -> 134810.43 | I8: =WEEKNUM(A8,2) -> 19
A9: 43955 | B9: Кемерово | C9: 25566 | D9: 2372310 | E9: =SUMIFS(Лист2!$C$2:$C$505,Лист2!$A$2:$A$505, Лист1!A9,Лист2!$B$2:$B$505,Лист1!B9) -> 20 | F9: =SUMIFS(Лист2!$D$2:$D$505,Лист2!$A$2:$A$505, Лист1!A9,Лист2!$B$2:$B$505,Лист1!B9) -> 1519 | G9: =SUMIFS(Лист2!$E$2:$E$505,Лист2!$A$2:$A$505, Лист1!A9,Лист2!$B$2:$B$505,Лист1!B9) -> 1372 | H9: =D9 / E9 -> 118615.5 | I9: =WEEKNUM(A9,2) -> 19
A10: 43950 | B10: Кемерово | C10: 29319 | D10: 2623480.5 | E10: =SUMIFS(Лист2!$C$2:$C$505,Лист2!$A$2:$A$505, Лист1!A10,Лист2!$B$2:$B$505,Лист1!B10) -> 18 | F10: =SUMIFS(Лист2!$D$2:$D$505,Лист2!$A$2:$A$505, Лист1!A10,Лист2!$B$2:$B$505,Лист1!B10) -> 1684 | G10: =SUMIFS(Лист2!$E$2:$E$505,Лист2!$A$2:$A$505, Лист1!A10,Лист2!$B$2:$B$505,Лист1!B10) -> 1528 | H10: =D10 / E10 -> 145748.92 | I10: =WEEKNUM(A10,2) -> 18
A11: 43953 | B11: Кемерово | C11: 29031 | D11: 2711247 | E11: =SUMIFS(Лист2!$C$2:$C$505,Лист2!$A$2:$A$505, Лист1!A11,Лист2!$B$2:$B$505,Лист1!B11) -> 18 | F11: =SUMIFS(Лист2!$D$2:$D$505,Лист2!$A$2:$A$505, Лист1!A11,Лист2!$B$2:$B$505,Лист1!B11) -> 1708 | G11: =SUMIFS(Лист2!$E$2:$E$505,Лист2!$A$2:$A$505, Лист1!A11,Лист2!$B$2:$B$505,Лист1!B11) -> 1534 | H11: =D11 / E11 -> 150624.83 | I11: =WEEKNUM(A11,2) -> 18
A12: 43977 | B12: Кемерово | C12: 33423 | D12: 2970330 | E12: =SUMIFS(Лист2!$C$2:$C$505,Лист2!$A$2:$A$505, Лист1!A12,Лист2!$B$2:$B$505,Лист1!B12) -> 20 | F12: =SUMIFS(Лист2!$D$2:$D$505,Лист2!$A$2:$A$505, Лист1!A12,Лист2!$B$2:$B$505,Лист1!B12) -> 2044 | G12: =SUMIFS(Лист2!$E$2:$E$505,Лист2!$A$2:$A$505, Лист1!A12,Лист2!$B$2:$B$505,Лист1!B12) -> 1863 | H12: =D12 / E12 -> 148516.5 | I12: =WEEKNUM(A12,2) -> 22
A13: 43952 | B13: Кемерово | C13: 32487 | D13: 3031254 | E13: =SUMIFS(Лист2!$C$2:$C$505,Лист2!$A$2:$A$505, Лист1!A13,Лист2!$B$2:$B$505,Лист1!B13) -> 18 | F13: =SUMIFS(Лист2!$D$2:$D$505,Лист2!$A$2:$A$505, Лист1!A13,Лист2!$B$2:$B$505,Лист1!B13) -> 1826 | G13: =SUMIFS(Лист2!$E$2:$E$505,Лист2!$A$2:$A$505, Лист1!A13,Лист2!$B$2:$B$505,Лист1!B13) -> 1633 | H13: =D13 / E13 -> 168403 | I13: =WEEKNUM(A13,2) -> 18
... A505: 43983 | B505: Новосибирск | C505: 14238 | D505: 1293219 | E505: =SUMIFS(Лист2!$C$2:$C$505,Лист2!$A$2:$A$505, Лист1!A505,Лист2!$B$2:$B$505,Лист1!B505) -> 18 | F505: =SUMIFS(Лист2!$D$2:$D$505,Лист2!$A$2:$A$505, Лист1!A505,Лист2!$B$2:$B$505,Лист1!B505) -> 923 | G505: =SUMIFS(Лист2!$E$2:$E$505,Лист2!$A$2:$A$505, Лист1!A505,Лист2!$B$2:$B$505,Лист1!B505) -> 824 | H505: =D505 / E505 -> 71845.5 | I505: =WEEKNUM(A505,2) -> 23

Sheet Лист2
A1: Дата | B1: Территория | C1: Количество складов | D1: Количество заказов | E1: Количество клиентов
A2: 43949 | B2: Волгоград | C2: 36 | D2: 4923 | E2: 4560
A3: 43949 | B3: Екатеринбург | C3: 31 | D3: 5465 | E3: 5096
A4: 43949 | B4: Казань | C4: 19 | D4: 1846 | E4: 1681
A5: 43949 | B5: Кемерово | C5: 18 | D5: 1539 | E5: 1404
A6: 43949 | B6: Краснодар | C6: 18 | D6: 1505 | E6: 1368
A7: 43949 | B7: Москва Восток | C7: 54 | D7: 12306 | E7: 11532
A8: 43949 | B8: Москва Запад | C8: 59 | D8: 12943 | E8: 12072
A9: 43949 | B9: Нижний Новгород | C9: 17 | D9: 1439 | E9: 1265
A10: 43949 | B10: Новосибирск | C10: 15 | D10: 636 | E10: 547
A11: 43949 | B11: Пермь | C11: 15 | D11: 780 | E11: 690
A12: 43949 | B12: Санкт-Петербург Север | C12: 125 | D12: 20914 | E12: 19479
A13: 43949 | B13: Санкт-Петербург Юг | C13: 128 | D13: 16450 | E13: 15320
... A505: 43983 | B505: Уфа | C505: 6 | D505: 237 | E505: 175

Sheet Топ 3 за последнюю неделю
A1: Неделя | B1: 23 | F1: Топ 3 территорий по доле в общем товарообороте за последнюю неделю | K1: Неделя | L1: 23 | N1: Топ 3 территорий по товарообороту на склад за последнюю неделю
A3: Территория | B3: Товарооборот | C3: Доля от товарооборота | K3: Территория | L3: Товарооборот склад
A4: Санкт-Петербург Север | B4: 37257840 | C4: 0.2738895 | F4: Санкт-Петербург Север | G4: 37257840 | H4: 0.2738895 | K4: Москва Восток | L4: 350262.86 | N4: Москва Восток | O4: 350262.86
A5: Санкт-Петербург Юг | B5: 27770092 | C5: 0.20414326 | F5: Санкт-Петербург Юг | G5: 27770092 | H5: 0.20414326 | K5: Москва Запад | L5: 329921.57 | N5: Москва Запад | O5: 329921.57
A6: Москва Запад | B6: 19465372 | C6: 0.14309367 | F6: Москва Запад | G6: 19465372 | H6: 0.14309367 | K6: Санкт-Петербург Север | L6: 302909.27 | N6: Санкт-Петербург Север | O6: 302909.27
A7: Москва Восток | B7: 18914194 | C7: 0.13904186
A8: Екатеринбург | B8: 6829921.5 | C8: 0.050208058
A9: Волгоград | B9: 5800290 | C9: 0.04263904
A10: Казань | B10: 3865251 | C10: 0.028414199
A11: Нижний Новгород | B11: 3013512 | C11: 0.022152903
A12: Кемерово | B12: 2945035.5 | C12: 0.021649519 | F12: В 23 неделе только один день, поэтому отчет фактически строится на последнем дне в данных
A13: Краснодар | B13: 2538967.5 | C13: 0.018664435
A14: Ростов-на-Дону | B14: 1565632.5 | C14: 0.011509264
A15: Пермь | B15: 1526608.5 | C15: 0.011222391
A16: Новосибирск | B16: 1293219 | C16: 0.0095067
A17: Тольятти | B17: 1007742 | C17: 0.007408104
A18: Тюмень | B18: 802447.5 | C18: 0.0058989449
A19: Самара | B19: 636345 | C19: 0.0046778937
A20: Уфа | B20: 410892 | C20: 0.0030205456
A21: Томск | B21: 389013 | C21: 0.0028597089

Sheet Графики
A4: Номер недели | B4: Товарооборот | F4: Номер недели | G4: Товарооборот склад
A5: 18 | B5: 836803032 | F5: 18 | G5: 15050189
A6: 19 | B6: 9.8391541e+08 | F6: 19 | G6: 17810867
A7: 20 | B7: 9.4726301e+08 | F7: 20 | G7: 17504431
A8: 21 | B8: 1.0026919e+09 | F8: 21 | G8: 18752595
A9: 22 | B9: 1.0556535e+09 | F9: 22 | G9: 20458987
A10: 23 | B10: 1.3603238e+08 | F10: 23 | G10: 2786041.4
A11: Общий итог | B11: 4.9623592e+09 | F11: Общий итог | G11: 92363110
D31: Падение на 23 неделе на графиках связано с тем, что в 23 неделе только один день
